First Name,Last Name,Age,RPM,BST,GDT,Vineland
Adish,R,7,7,28.57142857142857,10,114.28571428571428
Adish,Rao,7,19,60.1,100,116.9
